{
  "test_loss": 1.3865326833217702,
  "test_acc": 0.25116666658719383,
  "label_counts": {
    "64": 1278,
    "65": 1359,
    "66": 1302,
    "67": 1461
  },
  "confusion": [
    [
      573,
      1,
      56,
      843
    ],
    [
      613,
      2,
      61,
      850
    ],
    [
      581,
      1,
      60,
      861
    ],
    [
      561,
      1,
      64,
      872
    ]
  ]
}