{
  "test_loss": 1.383800632142006,
  "test_acc": 0.28216666674613955,
  "label_counts": {
    "64": 1278,
    "65": 1359,
    "66": 1302,
    "67": 1461
  },
  "confusion": [
    [
      532,
      262,
      408,
      271
    ],
    [
      477,
      300,
      433,
      316
    ],
    [
      487,
      243,
      480,
      293
    ],
    [
      473,
      255,
      389,
      381
    ]
  ]
}