{
  "test_loss": 1.7230027901365401,
  "test_acc": 0.24966666666666668,
  "label_counts": {
    "64": 649,
    "65": 665,
    "66": 642,
    "67": 744
  },
  "confusion": [
    [
      749,
      0,
      0,
      0
    ],
    [
      779,
      0,
      0,
      0
    ],
    [
      761,
      0,
      0,
      0
    ],
    [
      711,
      0,
      0,
      0
    ]
  ]
}