{
  "test_loss": 1.3866311958495607,
  "test_acc": 0.2526666666269302,
  "label_counts": {
    "64": 1334,
    "65": 1298,
    "66": 1386,
    "67": 1382
  },
  "confusion": [
    [
      624,
      7,
      583,
      240
    ],
    [
      644,
      10,
      573,
      266
    ],
    [
      661,
      10,
      624,
      282
    ],
    [
      633,
      7,
      578,
      258
    ]
  ]
}