{
  "test_loss": 1.4051714704391804,
  "test_acc": 0.3198333332538605,
  "label_counts": {
    "64": 1278,
    "65": 1359,
    "66": 1302,
    "67": 1461
  },
  "confusion": [
    [
      469,
      300,
      321,
      383
    ],
    [
      323,
      436,
      366,
      401
    ],
    [
      363,
      311,
      477,
      352
    ],
    [
      338,
      276,
      347,
      537
    ]
  ]
}