{
  "test_loss": 1.3869081634156248,
  "test_acc": 0.25166666658719383,
  "label_counts": {
    "64": 1395,
    "65": 1372,
    "66": 1299,
    "67": 1334
  },
  "confusion": [
    [
      566,
      441,
      270,
      165
    ],
    [
      573,
      438,
      276,
      204
    ],
    [
      597,
      450,
      271,
      208
    ],
    [
      599,
      432,
      275,
      235
    ]
  ]
}