{
  "test_loss": 1.3863514737879976,
  "test_acc": 0.24600000015894571,
  "label_counts": {
    "64": 649,
    "65": 665,
    "66": 642,
    "67": 744
  },
  "confusion": [
    [
      33,
      42,
      212,
      462
    ],
    [
      33,
      53,
      201,
      492
    ],
    [
      43,
      38,
      219,
      461
    ],
    [
      48,
      47,
      183,
      433
    ]
  ]
}