{
  "test_loss": 1.5251448585632,
  "test_acc": 0.21866666666666668,
  "label_counts": {
    "64": 1278,
    "65": 1359,
    "66": 1302,
    "67": 1461
  },
  "confusion": [
    [
      343,
      372,
      364,
      394
    ],
    [
      379,
      311,
      407,
      429
    ],
    [
      422,
      365,
      330,
      386
    ],
    [
      394,
      386,
      390,
      328
    ]
  ]
}