{
  "test_loss": 1.386240505157633,
  "test_acc": 0.25233333341280617,
  "label_counts": {
    "64": 1363,
    "65": 1316,
    "66": 1374,
    "67": 1347
  },
  "confusion": [
    [
      463,
      224,
      388,
      439
    ],
    [
      466,
      251,
      415,
      462
    ],
    [
      401,
      239,
      388,
      431
    ],
    [
      425,
      215,
      381,
      412
    ]
  ]
}